iter,variant_id,repeat,victim_idx,hot_keys,writers_per_key,payload_mib,kill_delay_s,read_rounds,settle_s,duration_s,exit_code,baseline_fail,hot_fail,cold_fail,reproduced_strict,reproduced_hot_any,raw_tail
1,c02,1,1,16,36,16,0.6,2,10,189.48,0,0,0,0,0,0,"\n  --> bug NOT triggered this run (likely the slow-path waiters drained\n      before kill, or the victim's PUTs hadn't fanned out far enough).\n      Try larger PAYLOAD_BYTES, larger WRITERS_PER_KEY, or tune KILL_DELAY.\n\nWarning: Permanently added '192.168.2.189' (ED25519) to the list of known hosts.\nWarning: Permanently added '192.168.2.190' (ED25519) to the list of known hosts.\nWarning: Permanently added '192.168.2.191' (ED25519) to the list of known hosts.\nWarning: Permanently added '192.168.2.192' (ED25519) to the list of known hosts.\nWarning: Permanently added '192.168.2.189' (ED25519) to the list of known hosts.\nWarning: Permanently added '192.168.2.190' (ED25519) to the list of known hosts.\nWarning: Permanently added '192.168.2.191' (ED25519) to the list of known hosts.\nWarning: Permanently added '192.168.2.192' (ED25519) to the list of known hosts.\nWarning: Permanently added '192.168.2.190' (ED25519) to the list of known hosts."
2,c03,1,2,14,36,12,0.6,2,10,137.09,0,0,0,0,0,0,"\n  --> bug NOT triggered this run (likely the slow-path waiters drained\n      before kill, or the victim's PUTs hadn't fanned out far enough).\n      Try larger PAYLOAD_BYTES, larger WRITERS_PER_KEY, or tune KILL_DELAY.\n\nWarning: Permanently added '192.168.2.189' (ED25519) to the list of known hosts.\nWarning: Permanently added '192.168.2.190' (ED25519) to the list of known hosts.\nWarning: Permanently added '192.168.2.191' (ED25519) to the list of known hosts.\nWarning: Permanently added '192.168.2.192' (ED25519) to the list of known hosts.\nWarning: Permanently added '192.168.2.189' (ED25519) to the list of known hosts.\nWarning: Permanently added '192.168.2.190' (ED25519) to the list of known hosts.\nWarning: Permanently added '192.168.2.191' (ED25519) to the list of known hosts.\nWarning: Permanently added '192.168.2.192' (ED25519) to the list of known hosts.\nWarning: Permanently added '192.168.2.191' (ED25519) to the list of known hosts."
3,c04,1,3,16,32,16,0.75,2,10,143.04,0,0,0,0,0,0,"\n  --> bug NOT triggered this run (likely the slow-path waiters drained\n      before kill, or the victim's PUTs hadn't fanned out far enough).\n      Try larger PAYLOAD_BYTES, larger WRITERS_PER_KEY, or tune KILL_DELAY.\n\nWarning: Permanently added '192.168.2.189' (ED25519) to the list of known hosts.\nWarning: Permanently added '192.168.2.190' (ED25519) to the list of known hosts.\nWarning: Permanently added '192.168.2.191' (ED25519) to the list of known hosts.\nWarning: Permanently added '192.168.2.192' (ED25519) to the list of known hosts.\nWarning: Permanently added '192.168.2.189' (ED25519) to the list of known hosts.\nWarning: Permanently added '192.168.2.190' (ED25519) to the list of known hosts.\nWarning: Permanently added '192.168.2.191' (ED25519) to the list of known hosts.\nWarning: Permanently added '192.168.2.192' (ED25519) to the list of known hosts.\nWarning: Permanently added '192.168.2.192' (ED25519) to the list of known hosts."
4,c01,1,0,14,36,16,0.6,2,10,145.19,0,0,0,0,0,0,"\n  --> bug NOT triggered this run (likely the slow-path waiters drained\n      before kill, or the victim's PUTs hadn't fanned out far enough).\n      Try larger PAYLOAD_BYTES, larger WRITERS_PER_KEY, or tune KILL_DELAY.\n\nWarning: Permanently added '192.168.2.189' (ED25519) to the list of known hosts.\nWarning: Permanently added '192.168.2.190' (ED25519) to the list of known hosts.\nWarning: Permanently added '192.168.2.191' (ED25519) to the list of known hosts.\nWarning: Permanently added '192.168.2.192' (ED25519) to the list of known hosts.\nWarning: Permanently added '192.168.2.189' (ED25519) to the list of known hosts.\nWarning: Permanently added '192.168.2.190' (ED25519) to the list of known hosts.\nWarning: Permanently added '192.168.2.191' (ED25519) to the list of known hosts.\nWarning: Permanently added '192.168.2.192' (ED25519) to the list of known hosts.\nWarning: Permanently added '192.168.2.189' (ED25519) to the list of known hosts."
5,c02,2,1,16,36,16,0.6,2,10,157.94,0,0,0,0,0,0,"\n  --> bug NOT triggered this run (likely the slow-path waiters drained\n      before kill, or the victim's PUTs hadn't fanned out far enough).\n      Try larger PAYLOAD_BYTES, larger WRITERS_PER_KEY, or tune KILL_DELAY.\n\nWarning: Permanently added '192.168.2.189' (ED25519) to the list of known hosts.\nWarning: Permanently added '192.168.2.190' (ED25519) to the list of known hosts.\nWarning: Permanently added '192.168.2.191' (ED25519) to the list of known hosts.\nWarning: Permanently added '192.168.2.192' (ED25519) to the list of known hosts.\nWarning: Permanently added '192.168.2.189' (ED25519) to the list of known hosts.\nWarning: Permanently added '192.168.2.190' (ED25519) to the list of known hosts.\nWarning: Permanently added '192.168.2.191' (ED25519) to the list of known hosts.\nWarning: Permanently added '192.168.2.192' (ED25519) to the list of known hosts.\nWarning: Permanently added '192.168.2.190' (ED25519) to the list of known hosts."
6,c01,2,2,14,36,16,0.6,2,10,133.44,0,0,0,0,0,0,"\n  --> bug NOT triggered this run (likely the slow-path waiters drained\n      before kill, or the victim's PUTs hadn't fanned out far enough).\n      Try larger PAYLOAD_BYTES, larger WRITERS_PER_KEY, or tune KILL_DELAY.\n\nWarning: Permanently added '192.168.2.189' (ED25519) to the list of known hosts.\nWarning: Permanently added '192.168.2.190' (ED25519) to the list of known hosts.\nWarning: Permanently added '192.168.2.191' (ED25519) to the list of known hosts.\nWarning: Permanently added '192.168.2.192' (ED25519) to the list of known hosts.\nWarning: Permanently added '192.168.2.189' (ED25519) to the list of known hosts.\nWarning: Permanently added '192.168.2.190' (ED25519) to the list of known hosts.\nWarning: Permanently added '192.168.2.191' (ED25519) to the list of known hosts.\nWarning: Permanently added '192.168.2.192' (ED25519) to the list of known hosts.\nWarning: Permanently added '192.168.2.191' (ED25519) to the list of known hosts."
7,c03,2,3,14,36,12,0.6,2,10,130.84,0,0,0,0,0,0,"\n  --> bug NOT triggered this run (likely the slow-path waiters drained\n      before kill, or the victim's PUTs hadn't fanned out far enough).\n      Try larger PAYLOAD_BYTES, larger WRITERS_PER_KEY, or tune KILL_DELAY.\n\nWarning: Permanently added '192.168.2.189' (ED25519) to the list of known hosts.\nWarning: Permanently added '192.168.2.190' (ED25519) to the list of known hosts.\nWarning: Permanently added '192.168.2.191' (ED25519) to the list of known hosts.\nWarning: Permanently added '192.168.2.192' (ED25519) to the list of known hosts.\nWarning: Permanently added '192.168.2.189' (ED25519) to the list of known hosts.\nWarning: Permanently added '192.168.2.190' (ED25519) to the list of known hosts.\nWarning: Permanently added '192.168.2.191' (ED25519) to the list of known hosts.\nWarning: Permanently added '192.168.2.192' (ED25519) to the list of known hosts.\nWarning: Permanently added '192.168.2.192' (ED25519) to the list of known hosts."
8,c04,2,0,16,32,16,0.75,2,10,148.64,0,0,0,0,0,0,"\n  --> bug NOT triggered this run (likely the slow-path waiters drained\n      before kill, or the victim's PUTs hadn't fanned out far enough).\n      Try larger PAYLOAD_BYTES, larger WRITERS_PER_KEY, or tune KILL_DELAY.\n\nWarning: Permanently added '192.168.2.189' (ED25519) to the list of known hosts.\nWarning: Permanently added '192.168.2.190' (ED25519) to the list of known hosts.\nWarning: Permanently added '192.168.2.191' (ED25519) to the list of known hosts.\nWarning: Permanently added '192.168.2.192' (ED25519) to the list of known hosts.\nWarning: Permanently added '192.168.2.189' (ED25519) to the list of known hosts.\nWarning: Permanently added '192.168.2.190' (ED25519) to the list of known hosts.\nWarning: Permanently added '192.168.2.191' (ED25519) to the list of known hosts.\nWarning: Permanently added '192.168.2.192' (ED25519) to the list of known hosts.\nWarning: Permanently added '192.168.2.189' (ED25519) to the list of known hosts."
9,c01,3,1,14,36,16,0.6,2,10,133.54,0,0,0,0,0,0,"\n  --> bug NOT triggered this run (likely the slow-path waiters drained\n      before kill, or the victim's PUTs hadn't fanned out far enough).\n      Try larger PAYLOAD_BYTES, larger WRITERS_PER_KEY, or tune KILL_DELAY.\n\nWarning: Permanently added '192.168.2.189' (ED25519) to the list of known hosts.\nWarning: Permanently added '192.168.2.190' (ED25519) to the list of known hosts.\nWarning: Permanently added '192.168.2.191' (ED25519) to the list of known hosts.\nWarning: Permanently added '192.168.2.192' (ED25519) to the list of known hosts.\nWarning: Permanently added '192.168.2.189' (ED25519) to the list of known hosts.\nWarning: Permanently added '192.168.2.190' (ED25519) to the list of known hosts.\nWarning: Permanently added '192.168.2.191' (ED25519) to the list of known hosts.\nWarning: Permanently added '192.168.2.192' (ED25519) to the list of known hosts.\nWarning: Permanently added '192.168.2.190' (ED25519) to the list of known hosts."
10,c03,3,2,14,36,12,0.6,2,10,138.51,0,0,0,0,0,0,"\n  --> bug NOT triggered this run (likely the slow-path waiters drained\n      before kill, or the victim's PUTs hadn't fanned out far enough).\n      Try larger PAYLOAD_BYTES, larger WRITERS_PER_KEY, or tune KILL_DELAY.\n\nWarning: Permanently added '192.168.2.189' (ED25519) to the list of known hosts.\nWarning: Permanently added '192.168.2.190' (ED25519) to the list of known hosts.\nWarning: Permanently added '192.168.2.191' (ED25519) to the list of known hosts.\nWarning: Permanently added '192.168.2.192' (ED25519) to the list of known hosts.\nWarning: Permanently added '192.168.2.189' (ED25519) to the list of known hosts.\nWarning: Permanently added '192.168.2.190' (ED25519) to the list of known hosts.\nWarning: Permanently added '192.168.2.191' (ED25519) to the list of known hosts.\nWarning: Permanently added '192.168.2.192' (ED25519) to the list of known hosts.\nWarning: Permanently added '192.168.2.191' (ED25519) to the list of known hosts."
11,c02,3,3,16,36,16,0.6,2,10,154.25,0,0,0,0,0,0,"\n  --> bug NOT triggered this run (likely the slow-path waiters drained\n      before kill, or the victim's PUTs hadn't fanned out far enough).\n      Try larger PAYLOAD_BYTES, larger WRITERS_PER_KEY, or tune KILL_DELAY.\n\nWarning: Permanently added '192.168.2.189' (ED25519) to the list of known hosts.\nWarning: Permanently added '192.168.2.190' (ED25519) to the list of known hosts.\nWarning: Permanently added '192.168.2.191' (ED25519) to the list of known hosts.\nWarning: Permanently added '192.168.2.192' (ED25519) to the list of known hosts.\nWarning: Permanently added '192.168.2.189' (ED25519) to the list of known hosts.\nWarning: Permanently added '192.168.2.190' (ED25519) to the list of known hosts.\nWarning: Permanently added '192.168.2.191' (ED25519) to the list of known hosts.\nWarning: Permanently added '192.168.2.192' (ED25519) to the list of known hosts.\nWarning: Permanently added '192.168.2.192' (ED25519) to the list of known hosts."
12,c04,3,0,16,32,16,0.75,2,10,141.12,0,0,0,0,0,0,"\n  --> bug NOT triggered this run (likely the slow-path waiters drained\n      before kill, or the victim's PUTs hadn't fanned out far enough).\n      Try larger PAYLOAD_BYTES, larger WRITERS_PER_KEY, or tune KILL_DELAY.\n\nWarning: Permanently added '192.168.2.189' (ED25519) to the list of known hosts.\nWarning: Permanently added '192.168.2.190' (ED25519) to the list of known hosts.\nWarning: Permanently added '192.168.2.191' (ED25519) to the list of known hosts.\nWarning: Permanently added '192.168.2.192' (ED25519) to the list of known hosts.\nWarning: Permanently added '192.168.2.189' (ED25519) to the list of known hosts.\nWarning: Permanently added '192.168.2.190' (ED25519) to the list of known hosts.\nWarning: Permanently added '192.168.2.191' (ED25519) to the list of known hosts.\nWarning: Permanently added '192.168.2.192' (ED25519) to the list of known hosts.\nWarning: Permanently added '192.168.2.189' (ED25519) to the list of known hosts."
13,c04,4,1,16,32,16,0.75,2,10,139.73,0,0,0,0,0,0,"\n  --> bug NOT triggered this run (likely the slow-path waiters drained\n      before kill, or the victim's PUTs hadn't fanned out far enough).\n      Try larger PAYLOAD_BYTES, larger WRITERS_PER_KEY, or tune KILL_DELAY.\n\nWarning: Permanently added '192.168.2.189' (ED25519) to the list of known hosts.\nWarning: Permanently added '192.168.2.190' (ED25519) to the list of known hosts.\nWarning: Permanently added '192.168.2.191' (ED25519) to the list of known hosts.\nWarning: Permanently added '192.168.2.192' (ED25519) to the list of known hosts.\nWarning: Permanently added '192.168.2.189' (ED25519) to the list of known hosts.\nWarning: Permanently added '192.168.2.190' (ED25519) to the list of known hosts.\nWarning: Permanently added '192.168.2.191' (ED25519) to the list of known hosts.\nWarning: Permanently added '192.168.2.192' (ED25519) to the list of known hosts.\nWarning: Permanently added '192.168.2.190' (ED25519) to the list of known hosts."
14,c01,4,2,14,36,16,0.6,2,10,145.57,0,0,0,0,0,0,"\n  --> bug NOT triggered this run (likely the slow-path waiters drained\n      before kill, or the victim's PUTs hadn't fanned out far enough).\n      Try larger PAYLOAD_BYTES, larger WRITERS_PER_KEY, or tune KILL_DELAY.\n\nWarning: Permanently added '192.168.2.189' (ED25519) to the list of known hosts.\nWarning: Permanently added '192.168.2.190' (ED25519) to the list of known hosts.\nWarning: Permanently added '192.168.2.191' (ED25519) to the list of known hosts.\nWarning: Permanently added '192.168.2.192' (ED25519) to the list of known hosts.\nWarning: Permanently added '192.168.2.189' (ED25519) to the list of known hosts.\nWarning: Permanently added '192.168.2.190' (ED25519) to the list of known hosts.\nWarning: Permanently added '192.168.2.191' (ED25519) to the list of known hosts.\nWarning: Permanently added '192.168.2.192' (ED25519) to the list of known hosts.\nWarning: Permanently added '192.168.2.191' (ED25519) to the list of known hosts."
15,c03,4,3,14,36,12,0.6,2,10,136.69,0,0,0,0,0,0,"\n  --> bug NOT triggered this run (likely the slow-path waiters drained\n      before kill, or the victim's PUTs hadn't fanned out far enough).\n      Try larger PAYLOAD_BYTES, larger WRITERS_PER_KEY, or tune KILL_DELAY.\n\nWarning: Permanently added '192.168.2.189' (ED25519) to the list of known hosts.\nWarning: Permanently added '192.168.2.190' (ED25519) to the list of known hosts.\nWarning: Permanently added '192.168.2.191' (ED25519) to the list of known hosts.\nWarning: Permanently added '192.168.2.192' (ED25519) to the list of known hosts.\nWarning: Permanently added '192.168.2.189' (ED25519) to the list of known hosts.\nWarning: Permanently added '192.168.2.190' (ED25519) to the list of known hosts.\nWarning: Permanently added '192.168.2.191' (ED25519) to the list of known hosts.\nWarning: Permanently added '192.168.2.192' (ED25519) to the list of known hosts.\nWarning: Permanently added '192.168.2.192' (ED25519) to the list of known hosts."
16,c02,4,0,16,36,16,0.6,2,10,162.97,0,0,0,0,0,0,"\n  --> bug NOT triggered this run (likely the slow-path waiters drained\n      before kill, or the victim's PUTs hadn't fanned out far enough).\n      Try larger PAYLOAD_BYTES, larger WRITERS_PER_KEY, or tune KILL_DELAY.\n\nWarning: Permanently added '192.168.2.189' (ED25519) to the list of known hosts.\nWarning: Permanently added '192.168.2.190' (ED25519) to the list of known hosts.\nWarning: Permanently added '192.168.2.191' (ED25519) to the list of known hosts.\nWarning: Permanently added '192.168.2.192' (ED25519) to the list of known hosts.\nWarning: Permanently added '192.168.2.189' (ED25519) to the list of known hosts.\nWarning: Permanently added '192.168.2.190' (ED25519) to the list of known hosts.\nWarning: Permanently added '192.168.2.191' (ED25519) to the list of known hosts.\nWarning: Permanently added '192.168.2.192' (ED25519) to the list of known hosts.\nWarning: Permanently added '192.168.2.189' (ED25519) to the list of known hosts."
17,c03,5,1,14,36,12,0.6,2,10,130.96,0,0,0,0,0,0,"\n  --> bug NOT triggered this run (likely the slow-path waiters drained\n      before kill, or the victim's PUTs hadn't fanned out far enough).\n      Try larger PAYLOAD_BYTES, larger WRITERS_PER_KEY, or tune KILL_DELAY.\n\nWarning: Permanently added '192.168.2.189' (ED25519) to the list of known hosts.\nWarning: Permanently added '192.168.2.190' (ED25519) to the list of known hosts.\nWarning: Permanently added '192.168.2.191' (ED25519) to the list of known hosts.\nWarning: Permanently added '192.168.2.192' (ED25519) to the list of known hosts.\nWarning: Permanently added '192.168.2.189' (ED25519) to the list of known hosts.\nWarning: Permanently added '192.168.2.190' (ED25519) to the list of known hosts.\nWarning: Permanently added '192.168.2.191' (ED25519) to the list of known hosts.\nWarning: Permanently added '192.168.2.192' (ED25519) to the list of known hosts.\nWarning: Permanently added '192.168.2.190' (ED25519) to the list of known hosts."
18,c04,5,2,16,32,16,0.75,2,10,142.16,0,0,0,0,0,0,"\n  --> bug NOT triggered this run (likely the slow-path waiters drained\n      before kill, or the victim's PUTs hadn't fanned out far enough).\n      Try larger PAYLOAD_BYTES, larger WRITERS_PER_KEY, or tune KILL_DELAY.\n\nWarning: Permanently added '192.168.2.189' (ED25519) to the list of known hosts.\nWarning: Permanently added '192.168.2.190' (ED25519) to the list of known hosts.\nWarning: Permanently added '192.168.2.191' (ED25519) to the list of known hosts.\nWarning: Permanently added '192.168.2.192' (ED25519) to the list of known hosts.\nWarning: Permanently added '192.168.2.189' (ED25519) to the list of known hosts.\nWarning: Permanently added '192.168.2.190' (ED25519) to the list of known hosts.\nWarning: Permanently added '192.168.2.191' (ED25519) to the list of known hosts.\nWarning: Permanently added '192.168.2.192' (ED25519) to the list of known hosts.\nWarning: Permanently added '192.168.2.191' (ED25519) to the list of known hosts."
19,c01,5,3,14,36,16,0.6,2,10,132.98,0,0,0,0,0,0,"\n  --> bug NOT triggered this run (likely the slow-path waiters drained\n      before kill, or the victim's PUTs hadn't fanned out far enough).\n      Try larger PAYLOAD_BYTES, larger WRITERS_PER_KEY, or tune KILL_DELAY.\n\nWarning: Permanently added '192.168.2.189' (ED25519) to the list of known hosts.\nWarning: Permanently added '192.168.2.190' (ED25519) to the list of known hosts.\nWarning: Permanently added '192.168.2.191' (ED25519) to the list of known hosts.\nWarning: Permanently added '192.168.2.192' (ED25519) to the list of known hosts.\nWarning: Permanently added '192.168.2.189' (ED25519) to the list of known hosts.\nWarning: Permanently added '192.168.2.190' (ED25519) to the list of known hosts.\nWarning: Permanently added '192.168.2.191' (ED25519) to the list of known hosts.\nWarning: Permanently added '192.168.2.192' (ED25519) to the list of known hosts.\nWarning: Permanently added '192.168.2.192' (ED25519) to the list of known hosts."
20,c02,5,0,16,36,16,0.6,2,10,152.73,0,0,0,0,0,0,"\n  --> bug NOT triggered this run (likely the slow-path waiters drained\n      before kill, or the victim's PUTs hadn't fanned out far enough).\n      Try larger PAYLOAD_BYTES, larger WRITERS_PER_KEY, or tune KILL_DELAY.\n\nWarning: Permanently added '192.168.2.189' (ED25519) to the list of known hosts.\nWarning: Permanently added '192.168.2.190' (ED25519) to the list of known hosts.\nWarning: Permanently added '192.168.2.191' (ED25519) to the list of known hosts.\nWarning: Permanently added '192.168.2.192' (ED25519) to the list of known hosts.\nWarning: Permanently added '192.168.2.189' (ED25519) to the list of known hosts.\nWarning: Permanently added '192.168.2.190' (ED25519) to the list of known hosts.\nWarning: Permanently added '192.168.2.191' (ED25519) to the list of known hosts.\nWarning: Permanently added '192.168.2.192' (ED25519) to the list of known hosts.\nWarning: Permanently added '192.168.2.189' (ED25519) to the list of known hosts."
21,c01,6,1,14,36,16,0.6,2,10,133.26,0,0,0,0,0,0,"\n  --> bug NOT triggered this run (likely the slow-path waiters drained\n      before kill, or the victim's PUTs hadn't fanned out far enough).\n      Try larger PAYLOAD_BYTES, larger WRITERS_PER_KEY, or tune KILL_DELAY.\n\nWarning: Permanently added '192.168.2.189' (ED25519) to the list of known hosts.\nWarning: Permanently added '192.168.2.190' (ED25519) to the list of known hosts.\nWarning: Permanently added '192.168.2.191' (ED25519) to the list of known hosts.\nWarning: Permanently added '192.168.2.192' (ED25519) to the list of known hosts.\nWarning: Permanently added '192.168.2.189' (ED25519) to the list of known hosts.\nWarning: Permanently added '192.168.2.190' (ED25519) to the list of known hosts.\nWarning: Permanently added '192.168.2.191' (ED25519) to the list of known hosts.\nWarning: Permanently added '192.168.2.192' (ED25519) to the list of known hosts.\nWarning: Permanently added '192.168.2.190' (ED25519) to the list of known hosts."
22,c04,6,2,16,32,16,0.75,2,10,146.78,0,0,0,0,0,0,"\n  --> bug NOT triggered this run (likely the slow-path waiters drained\n      before kill, or the victim's PUTs hadn't fanned out far enough).\n      Try larger PAYLOAD_BYTES, larger WRITERS_PER_KEY, or tune KILL_DELAY.\n\nWarning: Permanently added '192.168.2.189' (ED25519) to the list of known hosts.\nWarning: Permanently added '192.168.2.190' (ED25519) to the list of known hosts.\nWarning: Permanently added '192.168.2.191' (ED25519) to the list of known hosts.\nWarning: Permanently added '192.168.2.192' (ED25519) to the list of known hosts.\nWarning: Permanently added '192.168.2.189' (ED25519) to the list of known hosts.\nWarning: Permanently added '192.168.2.190' (ED25519) to the list of known hosts.\nWarning: Permanently added '192.168.2.191' (ED25519) to the list of known hosts.\nWarning: Permanently added '192.168.2.192' (ED25519) to the list of known hosts.\nWarning: Permanently added '192.168.2.191' (ED25519) to the list of known hosts."
23,c02,6,3,16,36,16,0.6,2,10,166.73,0,0,0,0,0,0,"\n  --> bug NOT triggered this run (likely the slow-path waiters drained\n      before kill, or the victim's PUTs hadn't fanned out far enough).\n      Try larger PAYLOAD_BYTES, larger WRITERS_PER_KEY, or tune KILL_DELAY.\n\nWarning: Permanently added '192.168.2.189' (ED25519) to the list of known hosts.\nWarning: Permanently added '192.168.2.190' (ED25519) to the list of known hosts.\nWarning: Permanently added '192.168.2.191' (ED25519) to the list of known hosts.\nWarning: Permanently added '192.168.2.192' (ED25519) to the list of known hosts.\nWarning: Permanently added '192.168.2.189' (ED25519) to the list of known hosts.\nWarning: Permanently added '192.168.2.190' (ED25519) to the list of known hosts.\nWarning: Permanently added '192.168.2.191' (ED25519) to the list of known hosts.\nWarning: Permanently added '192.168.2.192' (ED25519) to the list of known hosts.\nWarning: Permanently added '192.168.2.192' (ED25519) to the list of known hosts."
24,c03,6,0,14,36,12,0.6,2,10,138.49,0,0,0,0,0,0,"\n  --> bug NOT triggered this run (likely the slow-path waiters drained\n      before kill, or the victim's PUTs hadn't fanned out far enough).\n      Try larger PAYLOAD_BYTES, larger WRITERS_PER_KEY, or tune KILL_DELAY.\n\nWarning: Permanently added '192.168.2.189' (ED25519) to the list of known hosts.\nWarning: Permanently added '192.168.2.190' (ED25519) to the list of known hosts.\nWarning: Permanently added '192.168.2.191' (ED25519) to the list of known hosts.\nWarning: Permanently added '192.168.2.192' (ED25519) to the list of known hosts.\nWarning: Permanently added '192.168.2.189' (ED25519) to the list of known hosts.\nWarning: Permanently added '192.168.2.190' (ED25519) to the list of known hosts.\nWarning: Permanently added '192.168.2.191' (ED25519) to the list of known hosts.\nWarning: Permanently added '192.168.2.192' (ED25519) to the list of known hosts.\nWarning: Permanently added '192.168.2.189' (ED25519) to the list of known hosts."
25,c02,7,1,16,36,16,0.6,2,10,149.87,0,0,0,0,0,0,"\n  --> bug NOT triggered this run (likely the slow-path waiters drained\n      before kill, or the victim's PUTs hadn't fanned out far enough).\n      Try larger PAYLOAD_BYTES, larger WRITERS_PER_KEY, or tune KILL_DELAY.\n\nWarning: Permanently added '192.168.2.189' (ED25519) to the list of known hosts.\nWarning: Permanently added '192.168.2.190' (ED25519) to the list of known hosts.\nWarning: Permanently added '192.168.2.191' (ED25519) to the list of known hosts.\nWarning: Permanently added '192.168.2.192' (ED25519) to the list of known hosts.\nWarning: Permanently added '192.168.2.189' (ED25519) to the list of known hosts.\nWarning: Permanently added '192.168.2.190' (ED25519) to the list of known hosts.\nWarning: Permanently added '192.168.2.191' (ED25519) to the list of known hosts.\nWarning: Permanently added '192.168.2.192' (ED25519) to the list of known hosts.\nWarning: Permanently added '192.168.2.190' (ED25519) to the list of known hosts."
26,c01,7,2,14,36,16,0.6,2,10,140.95,0,0,0,0,0,0,"\n  --> bug NOT triggered this run (likely the slow-path waiters drained\n      before kill, or the victim's PUTs hadn't fanned out far enough).\n      Try larger PAYLOAD_BYTES, larger WRITERS_PER_KEY, or tune KILL_DELAY.\n\nWarning: Permanently added '192.168.2.189' (ED25519) to the list of known hosts.\nWarning: Permanently added '192.168.2.190' (ED25519) to the list of known hosts.\nWarning: Permanently added '192.168.2.191' (ED25519) to the list of known hosts.\nWarning: Permanently added '192.168.2.192' (ED25519) to the list of known hosts.\nWarning: Permanently added '192.168.2.189' (ED25519) to the list of known hosts.\nWarning: Permanently added '192.168.2.190' (ED25519) to the list of known hosts.\nWarning: Permanently added '192.168.2.191' (ED25519) to the list of known hosts.\nWarning: Permanently added '192.168.2.192' (ED25519) to the list of known hosts.\nWarning: Permanently added '192.168.2.191' (ED25519) to the list of known hosts."
27,c03,7,3,14,36,12,0.6,2,10,130.7,0,0,0,0,0,0,"\n  --> bug NOT triggered this run (likely the slow-path waiters drained\n      before kill, or the victim's PUTs hadn't fanned out far enough).\n      Try larger PAYLOAD_BYTES, larger WRITERS_PER_KEY, or tune KILL_DELAY.\n\nWarning: Permanently added '192.168.2.189' (ED25519) to the list of known hosts.\nWarning: Permanently added '192.168.2.190' (ED25519) to the list of known hosts.\nWarning: Permanently added '192.168.2.191' (ED25519) to the list of known hosts.\nWarning: Permanently added '192.168.2.192' (ED25519) to the list of known hosts.\nWarning: Permanently added '192.168.2.189' (ED25519) to the list of known hosts.\nWarning: Permanently added '192.168.2.190' (ED25519) to the list of known hosts.\nWarning: Permanently added '192.168.2.191' (ED25519) to the list of known hosts.\nWarning: Permanently added '192.168.2.192' (ED25519) to the list of known hosts.\nWarning: Permanently added '192.168.2.192' (ED25519) to the list of known hosts."
28,c04,7,0,16,32,16,0.75,2,10,149.5,0,0,0,0,0,0,"\n  --> bug NOT triggered this run (likely the slow-path waiters drained\n      before kill, or the victim's PUTs hadn't fanned out far enough).\n      Try larger PAYLOAD_BYTES, larger WRITERS_PER_KEY, or tune KILL_DELAY.\n\nWarning: Permanently added '192.168.2.189' (ED25519) to the list of known hosts.\nWarning: Permanently added '192.168.2.190' (ED25519) to the list of known hosts.\nWarning: Permanently added '192.168.2.191' (ED25519) to the list of known hosts.\nWarning: Permanently added '192.168.2.192' (ED25519) to the list of known hosts.\nWarning: Permanently added '192.168.2.189' (ED25519) to the list of known hosts.\nWarning: Permanently added '192.168.2.190' (ED25519) to the list of known hosts.\nWarning: Permanently added '192.168.2.191' (ED25519) to the list of known hosts.\nWarning: Permanently added '192.168.2.192' (ED25519) to the list of known hosts.\nWarning: Permanently added '192.168.2.189' (ED25519) to the list of known hosts."
29,c04,8,1,16,32,16,0.75,2,10,148.92,0,0,0,0,0,0,"\n  --> bug NOT triggered this run (likely the slow-path waiters drained\n      before kill, or the victim's PUTs hadn't fanned out far enough).\n      Try larger PAYLOAD_BYTES, larger WRITERS_PER_KEY, or tune KILL_DELAY.\n\nWarning: Permanently added '192.168.2.189' (ED25519) to the list of known hosts.\nWarning: Permanently added '192.168.2.190' (ED25519) to the list of known hosts.\nWarning: Permanently added '192.168.2.191' (ED25519) to the list of known hosts.\nWarning: Permanently added '192.168.2.192' (ED25519) to the list of known hosts.\nWarning: Permanently added '192.168.2.189' (ED25519) to the list of known hosts.\nWarning: Permanently added '192.168.2.190' (ED25519) to the list of known hosts.\nWarning: Permanently added '192.168.2.191' (ED25519) to the list of known hosts.\nWarning: Permanently added '192.168.2.192' (ED25519) to the list of known hosts.\nWarning: Permanently added '192.168.2.190' (ED25519) to the list of known hosts."
30,c02,8,2,16,36,16,0.6,2,10,163.61,0,0,0,0,0,0,"\n  --> bug NOT triggered this run (likely the slow-path waiters drained\n      before kill, or the victim's PUTs hadn't fanned out far enough).\n      Try larger PAYLOAD_BYTES, larger WRITERS_PER_KEY, or tune KILL_DELAY.\n\nWarning: Permanently added '192.168.2.189' (ED25519) to the list of known hosts.\nWarning: Permanently added '192.168.2.190' (ED25519) to the list of known hosts.\nWarning: Permanently added '192.168.2.191' (ED25519) to the list of known hosts.\nWarning: Permanently added '192.168.2.192' (ED25519) to the list of known hosts.\nWarning: Permanently added '192.168.2.189' (ED25519) to the list of known hosts.\nWarning: Permanently added '192.168.2.190' (ED25519) to the list of known hosts.\nWarning: Permanently added '192.168.2.191' (ED25519) to the list of known hosts.\nWarning: Permanently added '192.168.2.192' (ED25519) to the list of known hosts.\nWarning: Permanently added '192.168.2.191' (ED25519) to the list of known hosts."
31,c01,8,3,14,36,16,0.6,2,10,132.61,0,0,0,0,0,0,"\n  --> bug NOT triggered this run (likely the slow-path waiters drained\n      before kill, or the victim's PUTs hadn't fanned out far enough).\n      Try larger PAYLOAD_BYTES, larger WRITERS_PER_KEY, or tune KILL_DELAY.\n\nWarning: Permanently added '192.168.2.189' (ED25519) to the list of known hosts.\nWarning: Permanently added '192.168.2.190' (ED25519) to the list of known hosts.\nWarning: Permanently added '192.168.2.191' (ED25519) to the list of known hosts.\nWarning: Permanently added '192.168.2.192' (ED25519) to the list of known hosts.\nWarning: Permanently added '192.168.2.189' (ED25519) to the list of known hosts.\nWarning: Permanently added '192.168.2.190' (ED25519) to the list of known hosts.\nWarning: Permanently added '192.168.2.191' (ED25519) to the list of known hosts.\nWarning: Permanently added '192.168.2.192' (ED25519) to the list of known hosts.\nWarning: Permanently added '192.168.2.192' (ED25519) to the list of known hosts."
32,c03,8,0,14,36,12,0.6,2,10,138.27,0,0,0,0,0,0,"\n  --> bug NOT triggered this run (likely the slow-path waiters drained\n      before kill, or the victim's PUTs hadn't fanned out far enough).\n      Try larger PAYLOAD_BYTES, larger WRITERS_PER_KEY, or tune KILL_DELAY.\n\nWarning: Permanently added '192.168.2.189' (ED25519) to the list of known hosts.\nWarning: Permanently added '192.168.2.190' (ED25519) to the list of known hosts.\nWarning: Permanently added '192.168.2.191' (ED25519) to the list of known hosts.\nWarning: Permanently added '192.168.2.192' (ED25519) to the list of known hosts.\nWarning: Permanently added '192.168.2.189' (ED25519) to the list of known hosts.\nWarning: Permanently added '192.168.2.190' (ED25519) to the list of known hosts.\nWarning: Permanently added '192.168.2.191' (ED25519) to the list of known hosts.\nWarning: Permanently added '192.168.2.192' (ED25519) to the list of known hosts.\nWarning: Permanently added '192.168.2.189' (ED25519) to the list of known hosts."
33,c01,9,1,14,36,16,0.6,2,10,132.5,0,0,0,0,0,0,"\n  --> bug NOT triggered this run (likely the slow-path waiters drained\n      before kill, or the victim's PUTs hadn't fanned out far enough).\n      Try larger PAYLOAD_BYTES, larger WRITERS_PER_KEY, or tune KILL_DELAY.\n\nWarning: Permanently added '192.168.2.189' (ED25519) to the list of known hosts.\nWarning: Permanently added '192.168.2.190' (ED25519) to the list of known hosts.\nWarning: Permanently added '192.168.2.191' (ED25519) to the list of known hosts.\nWarning: Permanently added '192.168.2.192' (ED25519) to the list of known hosts.\nWarning: Permanently added '192.168.2.189' (ED25519) to the list of known hosts.\nWarning: Permanently added '192.168.2.190' (ED25519) to the list of known hosts.\nWarning: Permanently added '192.168.2.191' (ED25519) to the list of known hosts.\nWarning: Permanently added '192.168.2.192' (ED25519) to the list of known hosts.\nWarning: Permanently added '192.168.2.190' (ED25519) to the list of known hosts."
34,c04,9,2,16,32,16,0.75,2,10,141.52,0,0,0,0,0,0,"\n  --> bug NOT triggered this run (likely the slow-path waiters drained\n      before kill, or the victim's PUTs hadn't fanned out far enough).\n      Try larger PAYLOAD_BYTES, larger WRITERS_PER_KEY, or tune KILL_DELAY.\n\nWarning: Permanently added '192.168.2.189' (ED25519) to the list of known hosts.\nWarning: Permanently added '192.168.2.190' (ED25519) to the list of known hosts.\nWarning: Permanently added '192.168.2.191' (ED25519) to the list of known hosts.\nWarning: Permanently added '192.168.2.192' (ED25519) to the list of known hosts.\nWarning: Permanently added '192.168.2.189' (ED25519) to the list of known hosts.\nWarning: Permanently added '192.168.2.190' (ED25519) to the list of known hosts.\nWarning: Permanently added '192.168.2.191' (ED25519) to the list of known hosts.\nWarning: Permanently added '192.168.2.192' (ED25519) to the list of known hosts.\nWarning: Permanently added '192.168.2.191' (ED25519) to the list of known hosts."
35,c02,9,3,16,36,16,0.6,2,10,165.15,0,0,0,0,0,0,"\n  --> bug NOT triggered this run (likely the slow-path waiters drained\n      before kill, or the victim's PUTs hadn't fanned out far enough).\n      Try larger PAYLOAD_BYTES, larger WRITERS_PER_KEY, or tune KILL_DELAY.\n\nWarning: Permanently added '192.168.2.189' (ED25519) to the list of known hosts.\nWarning: Permanently added '192.168.2.190' (ED25519) to the list of known hosts.\nWarning: Permanently added '192.168.2.191' (ED25519) to the list of known hosts.\nWarning: Permanently added '192.168.2.192' (ED25519) to the list of known hosts.\nWarning: Permanently added '192.168.2.189' (ED25519) to the list of known hosts.\nWarning: Permanently added '192.168.2.190' (ED25519) to the list of known hosts.\nWarning: Permanently added '192.168.2.191' (ED25519) to the list of known hosts.\nWarning: Permanently added '192.168.2.192' (ED25519) to the list of known hosts.\nWarning: Permanently added '192.168.2.192' (ED25519) to the list of known hosts."
36,c03,9,0,14,36,12,0.6,2,10,138.37,0,0,0,0,0,0,"\n  --> bug NOT triggered this run (likely the slow-path waiters drained\n      before kill, or the victim's PUTs hadn't fanned out far enough).\n      Try larger PAYLOAD_BYTES, larger WRITERS_PER_KEY, or tune KILL_DELAY.\n\nWarning: Permanently added '192.168.2.189' (ED25519) to the list of known hosts.\nWarning: Permanently added '192.168.2.190' (ED25519) to the list of known hosts.\nWarning: Permanently added '192.168.2.191' (ED25519) to the list of known hosts.\nWarning: Permanently added '192.168.2.192' (ED25519) to the list of known hosts.\nWarning: Permanently added '192.168.2.189' (ED25519) to the list of known hosts.\nWarning: Permanently added '192.168.2.190' (ED25519) to the list of known hosts.\nWarning: Permanently added '192.168.2.191' (ED25519) to the list of known hosts.\nWarning: Permanently added '192.168.2.192' (ED25519) to the list of known hosts.\nWarning: Permanently added '192.168.2.189' (ED25519) to the list of known hosts."
37,c02,10,1,16,36,16,0.6,2,10,162.14,0,0,0,0,0,0,"\n  --> bug NOT triggered this run (likely the slow-path waiters drained\n      before kill, or the victim's PUTs hadn't fanned out far enough).\n      Try larger PAYLOAD_BYTES, larger WRITERS_PER_KEY, or tune KILL_DELAY.\n\nWarning: Permanently added '192.168.2.189' (ED25519) to the list of known hosts.\nWarning: Permanently added '192.168.2.190' (ED25519) to the list of known hosts.\nWarning: Permanently added '192.168.2.191' (ED25519) to the list of known hosts.\nWarning: Permanently added '192.168.2.192' (ED25519) to the list of known hosts.\nWarning: Permanently added '192.168.2.189' (ED25519) to the list of known hosts.\nWarning: Permanently added '192.168.2.190' (ED25519) to the list of known hosts.\nWarning: Permanently added '192.168.2.191' (ED25519) to the list of known hosts.\nWarning: Permanently added '192.168.2.192' (ED25519) to the list of known hosts.\nWarning: Permanently added '192.168.2.190' (ED25519) to the list of known hosts."
38,c01,10,2,14,36,16,0.6,2,10,142.82,0,0,0,0,0,0,"\n  --> bug NOT triggered this run (likely the slow-path waiters drained\n      before kill, or the victim's PUTs hadn't fanned out far enough).\n      Try larger PAYLOAD_BYTES, larger WRITERS_PER_KEY, or tune KILL_DELAY.\n\nWarning: Permanently added '192.168.2.189' (ED25519) to the list of known hosts.\nWarning: Permanently added '192.168.2.190' (ED25519) to the list of known hosts.\nWarning: Permanently added '192.168.2.191' (ED25519) to the list of known hosts.\nWarning: Permanently added '192.168.2.192' (ED25519) to the list of known hosts.\nWarning: Permanently added '192.168.2.189' (ED25519) to the list of known hosts.\nWarning: Permanently added '192.168.2.190' (ED25519) to the list of known hosts.\nWarning: Permanently added '192.168.2.191' (ED25519) to the list of known hosts.\nWarning: Permanently added '192.168.2.192' (ED25519) to the list of known hosts.\nWarning: Permanently added '192.168.2.191' (ED25519) to the list of known hosts."
39,c03,10,3,14,36,12,0.6,2,10,130.52,0,0,0,0,0,0,"\n  --> bug NOT triggered this run (likely the slow-path waiters drained\n      before kill, or the victim's PUTs hadn't fanned out far enough).\n      Try larger PAYLOAD_BYTES, larger WRITERS_PER_KEY, or tune KILL_DELAY.\n\nWarning: Permanently added '192.168.2.189' (ED25519) to the list of known hosts.\nWarning: Permanently added '192.168.2.190' (ED25519) to the list of known hosts.\nWarning: Permanently added '192.168.2.191' (ED25519) to the list of known hosts.\nWarning: Permanently added '192.168.2.192' (ED25519) to the list of known hosts.\nWarning: Permanently added '192.168.2.189' (ED25519) to the list of known hosts.\nWarning: Permanently added '192.168.2.190' (ED25519) to the list of known hosts.\nWarning: Permanently added '192.168.2.191' (ED25519) to the list of known hosts.\nWarning: Permanently added '192.168.2.192' (ED25519) to the list of known hosts.\nWarning: Permanently added '192.168.2.192' (ED25519) to the list of known hosts."
40,c04,10,0,16,32,16,0.75,2,10,147.77,0,0,0,0,0,0,"\n  --> bug NOT triggered this run (likely the slow-path waiters drained\n      before kill, or the victim's PUTs hadn't fanned out far enough).\n      Try larger PAYLOAD_BYTES, larger WRITERS_PER_KEY, or tune KILL_DELAY.\n\nWarning: Permanently added '192.168.2.189' (ED25519) to the list of known hosts.\nWarning: Permanently added '192.168.2.190' (ED25519) to the list of known hosts.\nWarning: Permanently added '192.168.2.191' (ED25519) to the list of known hosts.\nWarning: Permanently added '192.168.2.192' (ED25519) to the list of known hosts.\nWarning: Permanently added '192.168.2.189' (ED25519) to the list of known hosts.\nWarning: Permanently added '192.168.2.190' (ED25519) to the list of known hosts.\nWarning: Permanently added '192.168.2.191' (ED25519) to the list of known hosts.\nWarning: Permanently added '192.168.2.192' (ED25519) to the list of known hosts.\nWarning: Permanently added '192.168.2.189' (ED25519) to the list of known hosts."
41,c01,11,1,14,36,16,0.6,2,10,133.24,0,0,0,0,0,0,"\n  --> bug NOT triggered this run (likely the slow-path waiters drained\n      before kill, or the victim's PUTs hadn't fanned out far enough).\n      Try larger PAYLOAD_BYTES, larger WRITERS_PER_KEY, or tune KILL_DELAY.\n\nWarning: Permanently added '192.168.2.189' (ED25519) to the list of known hosts.\nWarning: Permanently added '192.168.2.190' (ED25519) to the list of known hosts.\nWarning: Permanently added '192.168.2.191' (ED25519) to the list of known hosts.\nWarning: Permanently added '192.168.2.192' (ED25519) to the list of known hosts.\nWarning: Permanently added '192.168.2.189' (ED25519) to the list of known hosts.\nWarning: Permanently added '192.168.2.190' (ED25519) to the list of known hosts.\nWarning: Permanently added '192.168.2.191' (ED25519) to the list of known hosts.\nWarning: Permanently added '192.168.2.192' (ED25519) to the list of known hosts.\nWarning: Permanently added '192.168.2.190' (ED25519) to the list of known hosts."
42,c03,11,2,14,36,12,0.6,2,10,130.96,0,0,0,0,0,0,"\n  --> bug NOT triggered this run (likely the slow-path waiters drained\n      before kill, or the victim's PUTs hadn't fanned out far enough).\n      Try larger PAYLOAD_BYTES, larger WRITERS_PER_KEY, or tune KILL_DELAY.\n\nWarning: Permanently added '192.168.2.189' (ED25519) to the list of known hosts.\nWarning: Permanently added '192.168.2.190' (ED25519) to the list of known hosts.\nWarning: Permanently added '192.168.2.191' (ED25519) to the list of known hosts.\nWarning: Permanently added '192.168.2.192' (ED25519) to the list of known hosts.\nWarning: Permanently added '192.168.2.189' (ED25519) to the list of known hosts.\nWarning: Permanently added '192.168.2.190' (ED25519) to the list of known hosts.\nWarning: Permanently added '192.168.2.191' (ED25519) to the list of known hosts.\nWarning: Permanently added '192.168.2.192' (ED25519) to the list of known hosts.\nWarning: Permanently added '192.168.2.191' (ED25519) to the list of known hosts."
43,c04,11,3,16,32,16,0.75,2,10,139.85,0,0,0,0,0,0,"\n  --> bug NOT triggered this run (likely the slow-path waiters drained\n      before kill, or the victim's PUTs hadn't fanned out far enough).\n      Try larger PAYLOAD_BYTES, larger WRITERS_PER_KEY, or tune KILL_DELAY.\n\nWarning: Permanently added '192.168.2.189' (ED25519) to the list of known hosts.\nWarning: Permanently added '192.168.2.190' (ED25519) to the list of known hosts.\nWarning: Permanently added '192.168.2.191' (ED25519) to the list of known hosts.\nWarning: Permanently added '192.168.2.192' (ED25519) to the list of known hosts.\nWarning: Permanently added '192.168.2.189' (ED25519) to the list of known hosts.\nWarning: Permanently added '192.168.2.190' (ED25519) to the list of known hosts.\nWarning: Permanently added '192.168.2.191' (ED25519) to the list of known hosts.\nWarning: Permanently added '192.168.2.192' (ED25519) to the list of known hosts.\nWarning: Permanently added '192.168.2.192' (ED25519) to the list of known hosts."
44,c02,11,0,16,36,16,0.6,2,10,161.34,0,0,0,0,0,0,"\n  --> bug NOT triggered this run (likely the slow-path waiters drained\n      before kill, or the victim's PUTs hadn't fanned out far enough).\n      Try larger PAYLOAD_BYTES, larger WRITERS_PER_KEY, or tune KILL_DELAY.\n\nWarning: Permanently added '192.168.2.189' (ED25519) to the list of known hosts.\nWarning: Permanently added '192.168.2.190' (ED25519) to the list of known hosts.\nWarning: Permanently added '192.168.2.191' (ED25519) to the list of known hosts.\nWarning: Permanently added '192.168.2.192' (ED25519) to the list of known hosts.\nWarning: Permanently added '192.168.2.189' (ED25519) to the list of known hosts.\nWarning: Permanently added '192.168.2.190' (ED25519) to the list of known hosts.\nWarning: Permanently added '192.168.2.191' (ED25519) to the list of known hosts.\nWarning: Permanently added '192.168.2.192' (ED25519) to the list of known hosts.\nWarning: Permanently added '192.168.2.189' (ED25519) to the list of known hosts."
45,c03,12,1,14,36,12,0.6,2,10,129.86,0,0,0,0,0,0,"\n  --> bug NOT triggered this run (likely the slow-path waiters drained\n      before kill, or the victim's PUTs hadn't fanned out far enough).\n      Try larger PAYLOAD_BYTES, larger WRITERS_PER_KEY, or tune KILL_DELAY.\n\nWarning: Permanently added '192.168.2.189' (ED25519) to the list of known hosts.\nWarning: Permanently added '192.168.2.190' (ED25519) to the list of known hosts.\nWarning: Permanently added '192.168.2.191' (ED25519) to the list of known hosts.\nWarning: Permanently added '192.168.2.192' (ED25519) to the list of known hosts.\nWarning: Permanently added '192.168.2.189' (ED25519) to the list of known hosts.\nWarning: Permanently added '192.168.2.190' (ED25519) to the list of known hosts.\nWarning: Permanently added '192.168.2.191' (ED25519) to the list of known hosts.\nWarning: Permanently added '192.168.2.192' (ED25519) to the list of known hosts.\nWarning: Permanently added '192.168.2.190' (ED25519) to the list of known hosts."
46,c02,12,2,16,36,16,0.6,2,10,171.25,0,0,0,0,0,0,"\n  --> bug NOT triggered this run (likely the slow-path waiters drained\n      before kill, or the victim's PUTs hadn't fanned out far enough).\n      Try larger PAYLOAD_BYTES, larger WRITERS_PER_KEY, or tune KILL_DELAY.\n\nWarning: Permanently added '192.168.2.189' (ED25519) to the list of known hosts.\nWarning: Permanently added '192.168.2.190' (ED25519) to the list of known hosts.\nWarning: Permanently added '192.168.2.191' (ED25519) to the list of known hosts.\nWarning: Permanently added '192.168.2.192' (ED25519) to the list of known hosts.\nWarning: Permanently added '192.168.2.189' (ED25519) to the list of known hosts.\nWarning: Permanently added '192.168.2.190' (ED25519) to the list of known hosts.\nWarning: Permanently added '192.168.2.191' (ED25519) to the list of known hosts.\nWarning: Permanently added '192.168.2.192' (ED25519) to the list of known hosts.\nWarning: Permanently added '192.168.2.191' (ED25519) to the list of known hosts."
47,c01,12,3,14,36,16,0.6,2,10,139.22,0,0,0,0,0,0,"\n  --> bug NOT triggered this run (likely the slow-path waiters drained\n      before kill, or the victim's PUTs hadn't fanned out far enough).\n      Try larger PAYLOAD_BYTES, larger WRITERS_PER_KEY, or tune KILL_DELAY.\n\nWarning: Permanently added '192.168.2.189' (ED25519) to the list of known hosts.\nWarning: Permanently added '192.168.2.190' (ED25519) to the list of known hosts.\nWarning: Permanently added '192.168.2.191' (ED25519) to the list of known hosts.\nWarning: Permanently added '192.168.2.192' (ED25519) to the list of known hosts.\nWarning: Permanently added '192.168.2.189' (ED25519) to the list of known hosts.\nWarning: Permanently added '192.168.2.190' (ED25519) to the list of known hosts.\nWarning: Permanently added '192.168.2.191' (ED25519) to the list of known hosts.\nWarning: Permanently added '192.168.2.192' (ED25519) to the list of known hosts.\nWarning: Permanently added '192.168.2.192' (ED25519) to the list of known hosts."
48,c04,12,0,16,32,16,0.75,2,10,138.94,0,0,0,0,0,0,"\n  --> bug NOT triggered this run (likely the slow-path waiters drained\n      before kill, or the victim's PUTs hadn't fanned out far enough).\n      Try larger PAYLOAD_BYTES, larger WRITERS_PER_KEY, or tune KILL_DELAY.\n\nWarning: Permanently added '192.168.2.189' (ED25519) to the list of known hosts.\nWarning: Permanently added '192.168.2.190' (ED25519) to the list of known hosts.\nWarning: Permanently added '192.168.2.191' (ED25519) to the list of known hosts.\nWarning: Permanently added '192.168.2.192' (ED25519) to the list of known hosts.\nWarning: Permanently added '192.168.2.189' (ED25519) to the list of known hosts.\nWarning: Permanently added '192.168.2.190' (ED25519) to the list of known hosts.\nWarning: Permanently added '192.168.2.191' (ED25519) to the list of known hosts.\nWarning: Permanently added '192.168.2.192' (ED25519) to the list of known hosts.\nWarning: Permanently added '192.168.2.189' (ED25519) to the list of known hosts."
49,c03,13,1,14,36,12,0.6,2,10,130.4,0,0,0,0,0,0,"\n  --> bug NOT triggered this run (likely the slow-path waiters drained\n      before kill, or the victim's PUTs hadn't fanned out far enough).\n      Try larger PAYLOAD_BYTES, larger WRITERS_PER_KEY, or tune KILL_DELAY.\n\nWarning: Permanently added '192.168.2.189' (ED25519) to the list of known hosts.\nWarning: Permanently added '192.168.2.190' (ED25519) to the list of known hosts.\nWarning: Permanently added '192.168.2.191' (ED25519) to the list of known hosts.\nWarning: Permanently added '192.168.2.192' (ED25519) to the list of known hosts.\nWarning: Permanently added '192.168.2.189' (ED25519) to the list of known hosts.\nWarning: Permanently added '192.168.2.190' (ED25519) to the list of known hosts.\nWarning: Permanently added '192.168.2.191' (ED25519) to the list of known hosts.\nWarning: Permanently added '192.168.2.192' (ED25519) to the list of known hosts.\nWarning: Permanently added '192.168.2.190' (ED25519) to the list of known hosts."
50,c01,13,2,14,36,16,0.6,2,10,135.8,0,0,0,0,0,0,"\n  --> bug NOT triggered this run (likely the slow-path waiters drained\n      before kill, or the victim's PUTs hadn't fanned out far enough).\n      Try larger PAYLOAD_BYTES, larger WRITERS_PER_KEY, or tune KILL_DELAY.\n\nWarning: Permanently added '192.168.2.189' (ED25519) to the list of known hosts.\nWarning: Permanently added '192.168.2.190' (ED25519) to the list of known hosts.\nWarning: Permanently added '192.168.2.191' (ED25519) to the list of known hosts.\nWarning: Permanently added '192.168.2.192' (ED25519) to the list of known hosts.\nWarning: Permanently added '192.168.2.189' (ED25519) to the list of known hosts.\nWarning: Permanently added '192.168.2.190' (ED25519) to the list of known hosts.\nWarning: Permanently added '192.168.2.191' (ED25519) to the list of known hosts.\nWarning: Permanently added '192.168.2.192' (ED25519) to the list of known hosts.\nWarning: Permanently added '192.168.2.191' (ED25519) to the list of known hosts."
51,c04,13,3,16,32,16,0.75,2,10,138.26,0,0,0,0,0,0,"\n  --> bug NOT triggered this run (likely the slow-path waiters drained\n      before kill, or the victim's PUTs hadn't fanned out far enough).\n      Try larger PAYLOAD_BYTES, larger WRITERS_PER_KEY, or tune KILL_DELAY.\n\nWarning: Permanently added '192.168.2.189' (ED25519) to the list of known hosts.\nWarning: Permanently added '192.168.2.190' (ED25519) to the list of known hosts.\nWarning: Permanently added '192.168.2.191' (ED25519) to the list of known hosts.\nWarning: Permanently added '192.168.2.192' (ED25519) to the list of known hosts.\nWarning: Permanently added '192.168.2.189' (ED25519) to the list of known hosts.\nWarning: Permanently added '192.168.2.190' (ED25519) to the list of known hosts.\nWarning: Permanently added '192.168.2.191' (ED25519) to the list of known hosts.\nWarning: Permanently added '192.168.2.192' (ED25519) to the list of known hosts.\nWarning: Permanently added '192.168.2.192' (ED25519) to the list of known hosts."
52,c02,13,0,16,36,16,0.6,2,10,151.14,0,0,0,0,0,0,"\n  --> bug NOT triggered this run (likely the slow-path waiters drained\n      before kill, or the victim's PUTs hadn't fanned out far enough).\n      Try larger PAYLOAD_BYTES, larger WRITERS_PER_KEY, or tune KILL_DELAY.\n\nWarning: Permanently added '192.168.2.189' (ED25519) to the list of known hosts.\nWarning: Permanently added '192.168.2.190' (ED25519) to the list of known hosts.\nWarning: Permanently added '192.168.2.191' (ED25519) to the list of known hosts.\nWarning: Permanently added '192.168.2.192' (ED25519) to the list of known hosts.\nWarning: Permanently added '192.168.2.189' (ED25519) to the list of known hosts.\nWarning: Permanently added '192.168.2.190' (ED25519) to the list of known hosts.\nWarning: Permanently added '192.168.2.191' (ED25519) to the list of known hosts.\nWarning: Permanently added '192.168.2.192' (ED25519) to the list of known hosts.\nWarning: Permanently added '192.168.2.189' (ED25519) to the list of known hosts."
53,c03,14,1,14,36,12,0.6,2,10,131.22,0,0,0,0,0,0,"\n  --> bug NOT triggered this run (likely the slow-path waiters drained\n      before kill, or the victim's PUTs hadn't fanned out far enough).\n      Try larger PAYLOAD_BYTES, larger WRITERS_PER_KEY, or tune KILL_DELAY.\n\nWarning: Permanently added '192.168.2.189' (ED25519) to the list of known hosts.\nWarning: Permanently added '192.168.2.190' (ED25519) to the list of known hosts.\nWarning: Permanently added '192.168.2.191' (ED25519) to the list of known hosts.\nWarning: Permanently added '192.168.2.192' (ED25519) to the list of known hosts.\nWarning: Permanently added '192.168.2.189' (ED25519) to the list of known hosts.\nWarning: Permanently added '192.168.2.190' (ED25519) to the list of known hosts.\nWarning: Permanently added '192.168.2.191' (ED25519) to the list of known hosts.\nWarning: Permanently added '192.168.2.192' (ED25519) to the list of known hosts.\nWarning: Permanently added '192.168.2.190' (ED25519) to the list of known hosts."
54,c01,14,2,14,36,16,0.6,2,10,132.03,0,0,0,0,0,0,"\n  --> bug NOT triggered this run (likely the slow-path waiters drained\n      before kill, or the victim's PUTs hadn't fanned out far enough).\n      Try larger PAYLOAD_BYTES, larger WRITERS_PER_KEY, or tune KILL_DELAY.\n\nWarning: Permanently added '192.168.2.189' (ED25519) to the list of known hosts.\nWarning: Permanently added '192.168.2.190' (ED25519) to the list of known hosts.\nWarning: Permanently added '192.168.2.191' (ED25519) to the list of known hosts.\nWarning: Permanently added '192.168.2.192' (ED25519) to the list of known hosts.\nWarning: Permanently added '192.168.2.189' (ED25519) to the list of known hosts.\nWarning: Permanently added '192.168.2.190' (ED25519) to the list of known hosts.\nWarning: Permanently added '192.168.2.191' (ED25519) to the list of known hosts.\nWarning: Permanently added '192.168.2.192' (ED25519) to the list of known hosts.\nWarning: Permanently added '192.168.2.191' (ED25519) to the list of known hosts."
55,c02,14,3,16,36,16,0.6,2,10,149.52,0,0,0,0,0,0,"\n  --> bug NOT triggered this run (likely the slow-path waiters drained\n      before kill, or the victim's PUTs hadn't fanned out far enough).\n      Try larger PAYLOAD_BYTES, larger WRITERS_PER_KEY, or tune KILL_DELAY.\n\nWarning: Permanently added '192.168.2.189' (ED25519) to the list of known hosts.\nWarning: Permanently added '192.168.2.190' (ED25519) to the list of known hosts.\nWarning: Permanently added '192.168.2.191' (ED25519) to the list of known hosts.\nWarning: Permanently added '192.168.2.192' (ED25519) to the list of known hosts.\nWarning: Permanently added '192.168.2.189' (ED25519) to the list of known hosts.\nWarning: Permanently added '192.168.2.190' (ED25519) to the list of known hosts.\nWarning: Permanently added '192.168.2.191' (ED25519) to the list of known hosts.\nWarning: Permanently added '192.168.2.192' (ED25519) to the list of known hosts.\nWarning: Permanently added '192.168.2.192' (ED25519) to the list of known hosts."
56,c04,14,0,16,32,16,0.75,2,10,147.27,0,0,0,0,0,0,"\n  --> bug NOT triggered this run (likely the slow-path waiters drained\n      before kill, or the victim's PUTs hadn't fanned out far enough).\n      Try larger PAYLOAD_BYTES, larger WRITERS_PER_KEY, or tune KILL_DELAY.\n\nWarning: Permanently added '192.168.2.189' (ED25519) to the list of known hosts.\nWarning: Permanently added '192.168.2.190' (ED25519) to the list of known hosts.\nWarning: Permanently added '192.168.2.191' (ED25519) to the list of known hosts.\nWarning: Permanently added '192.168.2.192' (ED25519) to the list of known hosts.\nWarning: Permanently added '192.168.2.189' (ED25519) to the list of known hosts.\nWarning: Permanently added '192.168.2.190' (ED25519) to the list of known hosts.\nWarning: Permanently added '192.168.2.191' (ED25519) to the list of known hosts.\nWarning: Permanently added '192.168.2.192' (ED25519) to the list of known hosts.\nWarning: Permanently added '192.168.2.189' (ED25519) to the list of known hosts."
57,c04,15,1,16,32,16,0.75,2,10,141.37,0,0,0,0,0,0,"\n  --> bug NOT triggered this run (likely the slow-path waiters drained\n      before kill, or the victim's PUTs hadn't fanned out far enough).\n      Try larger PAYLOAD_BYTES, larger WRITERS_PER_KEY, or tune KILL_DELAY.\n\nWarning: Permanently added '192.168.2.189' (ED25519) to the list of known hosts.\nWarning: Permanently added '192.168.2.190' (ED25519) to the list of known hosts.\nWarning: Permanently added '192.168.2.191' (ED25519) to the list of known hosts.\nWarning: Permanently added '192.168.2.192' (ED25519) to the list of known hosts.\nWarning: Permanently added '192.168.2.189' (ED25519) to the list of known hosts.\nWarning: Permanently added '192.168.2.190' (ED25519) to the list of known hosts.\nWarning: Permanently added '192.168.2.191' (ED25519) to the list of known hosts.\nWarning: Permanently added '192.168.2.192' (ED25519) to the list of known hosts.\nWarning: Permanently added '192.168.2.190' (ED25519) to the list of known hosts."
58,c03,15,2,14,36,12,0.6,2,10,136.01,0,0,0,0,0,0,"\n  --> bug NOT triggered this run (likely the slow-path waiters drained\n      before kill, or the victim's PUTs hadn't fanned out far enough).\n      Try larger PAYLOAD_BYTES, larger WRITERS_PER_KEY, or tune KILL_DELAY.\n\nWarning: Permanently added '192.168.2.189' (ED25519) to the list of known hosts.\nWarning: Permanently added '192.168.2.190' (ED25519) to the list of known hosts.\nWarning: Permanently added '192.168.2.191' (ED25519) to the list of known hosts.\nWarning: Permanently added '192.168.2.192' (ED25519) to the list of known hosts.\nWarning: Permanently added '192.168.2.189' (ED25519) to the list of known hosts.\nWarning: Permanently added '192.168.2.190' (ED25519) to the list of known hosts.\nWarning: Permanently added '192.168.2.191' (ED25519) to the list of known hosts.\nWarning: Permanently added '192.168.2.192' (ED25519) to the list of known hosts.\nWarning: Permanently added '192.168.2.191' (ED25519) to the list of known hosts."
59,c01,15,3,14,36,16,0.6,2,10,138.61,0,0,0,0,0,0,"\n  --> bug NOT triggered this run (likely the slow-path waiters drained\n      before kill, or the victim's PUTs hadn't fanned out far enough).\n      Try larger PAYLOAD_BYTES, larger WRITERS_PER_KEY, or tune KILL_DELAY.\n\nWarning: Permanently added '192.168.2.189' (ED25519) to the list of known hosts.\nWarning: Permanently added '192.168.2.190' (ED25519) to the list of known hosts.\nWarning: Permanently added '192.168.2.191' (ED25519) to the list of known hosts.\nWarning: Permanently added '192.168.2.192' (ED25519) to the list of known hosts.\nWarning: Permanently added '192.168.2.189' (ED25519) to the list of known hosts.\nWarning: Permanently added '192.168.2.190' (ED25519) to the list of known hosts.\nWarning: Permanently added '192.168.2.191' (ED25519) to the list of known hosts.\nWarning: Permanently added '192.168.2.192' (ED25519) to the list of known hosts.\nWarning: Permanently added '192.168.2.192' (ED25519) to the list of known hosts."
60,c02,15,0,16,36,16,0.6,2,10,151.55,0,0,0,0,0,0,"\n  --> bug NOT triggered this run (likely the slow-path waiters drained\n      before kill, or the victim's PUTs hadn't fanned out far enough).\n      Try larger PAYLOAD_BYTES, larger WRITERS_PER_KEY, or tune KILL_DELAY.\n\nWarning: Permanently added '192.168.2.189' (ED25519) to the list of known hosts.\nWarning: Permanently added '192.168.2.190' (ED25519) to the list of known hosts.\nWarning: Permanently added '192.168.2.191' (ED25519) to the list of known hosts.\nWarning: Permanently added '192.168.2.192' (ED25519) to the list of known hosts.\nWarning: Permanently added '192.168.2.189' (ED25519) to the list of known hosts.\nWarning: Permanently added '192.168.2.190' (ED25519) to the list of known hosts.\nWarning: Permanently added '192.168.2.191' (ED25519) to the list of known hosts.\nWarning: Permanently added '192.168.2.192' (ED25519) to the list of known hosts.\nWarning: Permanently added '192.168.2.189' (ED25519) to the list of known hosts."
61,c04,16,1,16,32,16,0.75,2,10,136.04,0,0,0,0,0,0,"\n  --> bug NOT triggered this run (likely the slow-path waiters drained\n      before kill, or the victim's PUTs hadn't fanned out far enough).\n      Try larger PAYLOAD_BYTES, larger WRITERS_PER_KEY, or tune KILL_DELAY.\n\nWarning: Permanently added '192.168.2.189' (ED25519) to the list of known hosts.\nWarning: Permanently added '192.168.2.190' (ED25519) to the list of known hosts.\nWarning: Permanently added '192.168.2.191' (ED25519) to the list of known hosts.\nWarning: Permanently added '192.168.2.192' (ED25519) to the list of known hosts.\nWarning: Permanently added '192.168.2.189' (ED25519) to the list of known hosts.\nWarning: Permanently added '192.168.2.190' (ED25519) to the list of known hosts.\nWarning: Permanently added '192.168.2.191' (ED25519) to the list of known hosts.\nWarning: Permanently added '192.168.2.192' (ED25519) to the list of known hosts.\nWarning: Permanently added '192.168.2.190' (ED25519) to the list of known hosts."
62,c01,16,2,14,36,16,0.6,2,10,128.66,0,0,0,0,0,0,"\n  --> bug NOT triggered this run (likely the slow-path waiters drained\n      before kill, or the victim's PUTs hadn't fanned out far enough).\n      Try larger PAYLOAD_BYTES, larger WRITERS_PER_KEY, or tune KILL_DELAY.\n\nWarning: Permanently added '192.168.2.189' (ED25519) to the list of known hosts.\nWarning: Permanently added '192.168.2.190' (ED25519) to the list of known hosts.\nWarning: Permanently added '192.168.2.191' (ED25519) to the list of known hosts.\nWarning: Permanently added '192.168.2.192' (ED25519) to the list of known hosts.\nWarning: Permanently added '192.168.2.189' (ED25519) to the list of known hosts.\nWarning: Permanently added '192.168.2.190' (ED25519) to the list of known hosts.\nWarning: Permanently added '192.168.2.191' (ED25519) to the list of known hosts.\nWarning: Permanently added '192.168.2.192' (ED25519) to the list of known hosts.\nWarning: Permanently added '192.168.2.191' (ED25519) to the list of known hosts."
63,c02,16,3,16,36,16,0.6,2,10,144.2,0,0,0,0,0,0,"\n  --> bug NOT triggered this run (likely the slow-path waiters drained\n      before kill, or the victim's PUTs hadn't fanned out far enough).\n      Try larger PAYLOAD_BYTES, larger WRITERS_PER_KEY, or tune KILL_DELAY.\n\nWarning: Permanently added '192.168.2.189' (ED25519) to the list of known hosts.\nWarning: Permanently added '192.168.2.190' (ED25519) to the list of known hosts.\nWarning: Permanently added '192.168.2.191' (ED25519) to the list of known hosts.\nWarning: Permanently added '192.168.2.192' (ED25519) to the list of known hosts.\nWarning: Permanently added '192.168.2.189' (ED25519) to the list of known hosts.\nWarning: Permanently added '192.168.2.190' (ED25519) to the list of known hosts.\nWarning: Permanently added '192.168.2.191' (ED25519) to the list of known hosts.\nWarning: Permanently added '192.168.2.192' (ED25519) to the list of known hosts.\nWarning: Permanently added '192.168.2.192' (ED25519) to the list of known hosts."
64,c03,16,0,14,36,12,0.6,2,10,128.16,0,0,0,0,0,0,"\n  --> bug NOT triggered this run (likely the slow-path waiters drained\n      before kill, or the victim's PUTs hadn't fanned out far enough).\n      Try larger PAYLOAD_BYTES, larger WRITERS_PER_KEY, or tune KILL_DELAY.\n\nWarning: Permanently added '192.168.2.189' (ED25519) to the list of known hosts.\nWarning: Permanently added '192.168.2.190' (ED25519) to the list of known hosts.\nWarning: Permanently added '192.168.2.191' (ED25519) to the list of known hosts.\nWarning: Permanently added '192.168.2.192' (ED25519) to the list of known hosts.\nWarning: Permanently added '192.168.2.189' (ED25519) to the list of known hosts.\nWarning: Permanently added '192.168.2.190' (ED25519) to the list of known hosts.\nWarning: Permanently added '192.168.2.191' (ED25519) to the list of known hosts.\nWarning: Permanently added '192.168.2.192' (ED25519) to the list of known hosts.\nWarning: Permanently added '192.168.2.189' (ED25519) to the list of known hosts."
65,c04,17,1,16,32,16,0.75,2,10,135.47,0,0,0,0,0,0,"\n  --> bug NOT triggered this run (likely the slow-path waiters drained\n      before kill, or the victim's PUTs hadn't fanned out far enough).\n      Try larger PAYLOAD_BYTES, larger WRITERS_PER_KEY, or tune KILL_DELAY.\n\nWarning: Permanently added '192.168.2.189' (ED25519) to the list of known hosts.\nWarning: Permanently added '192.168.2.190' (ED25519) to the list of known hosts.\nWarning: Permanently added '192.168.2.191' (ED25519) to the list of known hosts.\nWarning: Permanently added '192.168.2.192' (ED25519) to the list of known hosts.\nWarning: Permanently added '192.168.2.189' (ED25519) to the list of known hosts.\nWarning: Permanently added '192.168.2.190' (ED25519) to the list of known hosts.\nWarning: Permanently added '192.168.2.191' (ED25519) to the list of known hosts.\nWarning: Permanently added '192.168.2.192' (ED25519) to the list of known hosts.\nWarning: Permanently added '192.168.2.190' (ED25519) to the list of known hosts."
66,c02,17,2,16,36,16,0.6,2,10,146.36,0,0,0,0,0,0,"\n  --> bug NOT triggered this run (likely the slow-path waiters drained\n      before kill, or the victim's PUTs hadn't fanned out far enough).\n      Try larger PAYLOAD_BYTES, larger WRITERS_PER_KEY, or tune KILL_DELAY.\n\nWarning: Permanently added '192.168.2.189' (ED25519) to the list of known hosts.\nWarning: Permanently added '192.168.2.190' (ED25519) to the list of known hosts.\nWarning: Permanently added '192.168.2.191' (ED25519) to the list of known hosts.\nWarning: Permanently added '192.168.2.192' (ED25519) to the list of known hosts.\nWarning: Permanently added '192.168.2.189' (ED25519) to the list of known hosts.\nWarning: Permanently added '192.168.2.190' (ED25519) to the list of known hosts.\nWarning: Permanently added '192.168.2.191' (ED25519) to the list of known hosts.\nWarning: Permanently added '192.168.2.192' (ED25519) to the list of known hosts.\nWarning: Permanently added '192.168.2.191' (ED25519) to the list of known hosts."
67,c01,17,3,14,36,16,0.6,2,10,128.85,0,0,0,0,0,0,"\n  --> bug NOT triggered this run (likely the slow-path waiters drained\n      before kill, or the victim's PUTs hadn't fanned out far enough).\n      Try larger PAYLOAD_BYTES, larger WRITERS_PER_KEY, or tune KILL_DELAY.\n\nWarning: Permanently added '192.168.2.189' (ED25519) to the list of known hosts.\nWarning: Permanently added '192.168.2.190' (ED25519) to the list of known hosts.\nWarning: Permanently added '192.168.2.191' (ED25519) to the list of known hosts.\nWarning: Permanently added '192.168.2.192' (ED25519) to the list of known hosts.\nWarning: Permanently added '192.168.2.189' (ED25519) to the list of known hosts.\nWarning: Permanently added '192.168.2.190' (ED25519) to the list of known hosts.\nWarning: Permanently added '192.168.2.191' (ED25519) to the list of known hosts.\nWarning: Permanently added '192.168.2.192' (ED25519) to the list of known hosts.\nWarning: Permanently added '192.168.2.192' (ED25519) to the list of known hosts."
68,c03,17,0,14,36,12,0.6,2,10,129.25,0,0,0,0,0,0,"\n  --> bug NOT triggered this run (likely the slow-path waiters drained\n      before kill, or the victim's PUTs hadn't fanned out far enough).\n      Try larger PAYLOAD_BYTES, larger WRITERS_PER_KEY, or tune KILL_DELAY.\n\nWarning: Permanently added '192.168.2.189' (ED25519) to the list of known hosts.\nWarning: Permanently added '192.168.2.190' (ED25519) to the list of known hosts.\nWarning: Permanently added '192.168.2.191' (ED25519) to the list of known hosts.\nWarning: Permanently added '192.168.2.192' (ED25519) to the list of known hosts.\nWarning: Permanently added '192.168.2.189' (ED25519) to the list of known hosts.\nWarning: Permanently added '192.168.2.190' (ED25519) to the list of known hosts.\nWarning: Permanently added '192.168.2.191' (ED25519) to the list of known hosts.\nWarning: Permanently added '192.168.2.192' (ED25519) to the list of known hosts.\nWarning: Permanently added '192.168.2.189' (ED25519) to the list of known hosts."
69,c03,18,1,14,36,12,0.6,2,10,127.41,0,0,0,0,0,0,"\n  --> bug NOT triggered this run (likely the slow-path waiters drained\n      before kill, or the victim's PUTs hadn't fanned out far enough).\n      Try larger PAYLOAD_BYTES, larger WRITERS_PER_KEY, or tune KILL_DELAY.\n\nWarning: Permanently added '192.168.2.189' (ED25519) to the list of known hosts.\nWarning: Permanently added '192.168.2.190' (ED25519) to the list of known hosts.\nWarning: Permanently added '192.168.2.191' (ED25519) to the list of known hosts.\nWarning: Permanently added '192.168.2.192' (ED25519) to the list of known hosts.\nWarning: Permanently added '192.168.2.189' (ED25519) to the list of known hosts.\nWarning: Permanently added '192.168.2.190' (ED25519) to the list of known hosts.\nWarning: Permanently added '192.168.2.191' (ED25519) to the list of known hosts.\nWarning: Permanently added '192.168.2.192' (ED25519) to the list of known hosts.\nWarning: Permanently added '192.168.2.190' (ED25519) to the list of known hosts."
70,c01,18,2,14,36,16,0.6,2,10,128.83,0,0,0,0,0,0,"\n  --> bug NOT triggered this run (likely the slow-path waiters drained\n      before kill, or the victim's PUTs hadn't fanned out far enough).\n      Try larger PAYLOAD_BYTES, larger WRITERS_PER_KEY, or tune KILL_DELAY.\n\nWarning: Permanently added '192.168.2.189' (ED25519) to the list of known hosts.\nWarning: Permanently added '192.168.2.190' (ED25519) to the list of known hosts.\nWarning: Permanently added '192.168.2.191' (ED25519) to the list of known hosts.\nWarning: Permanently added '192.168.2.192' (ED25519) to the list of known hosts.\nWarning: Permanently added '192.168.2.189' (ED25519) to the list of known hosts.\nWarning: Permanently added '192.168.2.190' (ED25519) to the list of known hosts.\nWarning: Permanently added '192.168.2.191' (ED25519) to the list of known hosts.\nWarning: Permanently added '192.168.2.192' (ED25519) to the list of known hosts.\nWarning: Permanently added '192.168.2.191' (ED25519) to the list of known hosts."
71,c02,18,3,16,36,16,0.6,2,10,156.8,0,0,0,0,0,0,"\n  --> bug NOT triggered this run (likely the slow-path waiters drained\n      before kill, or the victim's PUTs hadn't fanned out far enough).\n      Try larger PAYLOAD_BYTES, larger WRITERS_PER_KEY, or tune KILL_DELAY.\n\nWarning: Permanently added '192.168.2.189' (ED25519) to the list of known hosts.\nWarning: Permanently added '192.168.2.190' (ED25519) to the list of known hosts.\nWarning: Permanently added '192.168.2.191' (ED25519) to the list of known hosts.\nWarning: Permanently added '192.168.2.192' (ED25519) to the list of known hosts.\nWarning: Permanently added '192.168.2.189' (ED25519) to the list of known hosts.\nWarning: Permanently added '192.168.2.190' (ED25519) to the list of known hosts.\nWarning: Permanently added '192.168.2.191' (ED25519) to the list of known hosts.\nWarning: Permanently added '192.168.2.192' (ED25519) to the list of known hosts.\nWarning: Permanently added '192.168.2.192' (ED25519) to the list of known hosts."
72,c04,18,0,16,32,16,0.75,2,10,146.96,0,0,0,0,0,0,"\n  --> bug NOT triggered this run (likely the slow-path waiters drained\n      before kill, or the victim's PUTs hadn't fanned out far enough).\n      Try larger PAYLOAD_BYTES, larger WRITERS_PER_KEY, or tune KILL_DELAY.\n\nWarning: Permanently added '192.168.2.189' (ED25519) to the list of known hosts.\nWarning: Permanently added '192.168.2.190' (ED25519) to the list of known hosts.\nWarning: Permanently added '192.168.2.191' (ED25519) to the list of known hosts.\nWarning: Permanently added '192.168.2.192' (ED25519) to the list of known hosts.\nWarning: Permanently added '192.168.2.189' (ED25519) to the list of known hosts.\nWarning: Permanently added '192.168.2.190' (ED25519) to the list of known hosts.\nWarning: Permanently added '192.168.2.191' (ED25519) to the list of known hosts.\nWarning: Permanently added '192.168.2.192' (ED25519) to the list of known hosts.\nWarning: Permanently added '192.168.2.189' (ED25519) to the list of known hosts."
73,c02,19,1,16,36,16,0.6,2,10,165.48,0,0,0,0,0,0,"\n  --> bug NOT triggered this run (likely the slow-path waiters drained\n      before kill, or the victim's PUTs hadn't fanned out far enough).\n      Try larger PAYLOAD_BYTES, larger WRITERS_PER_KEY, or tune KILL_DELAY.\n\nWarning: Permanently added '192.168.2.189' (ED25519) to the list of known hosts.\nWarning: Permanently added '192.168.2.190' (ED25519) to the list of known hosts.\nWarning: Permanently added '192.168.2.191' (ED25519) to the list of known hosts.\nWarning: Permanently added '192.168.2.192' (ED25519) to the list of known hosts.\nWarning: Permanently added '192.168.2.189' (ED25519) to the list of known hosts.\nWarning: Permanently added '192.168.2.190' (ED25519) to the list of known hosts.\nWarning: Permanently added '192.168.2.191' (ED25519) to the list of known hosts.\nWarning: Permanently added '192.168.2.192' (ED25519) to the list of known hosts.\nWarning: Permanently added '192.168.2.190' (ED25519) to the list of known hosts."
74,c04,19,2,16,32,16,0.75,2,10,136.32,0,0,0,0,0,0,"\n  --> bug NOT triggered this run (likely the slow-path waiters drained\n      before kill, or the victim's PUTs hadn't fanned out far enough).\n      Try larger PAYLOAD_BYTES, larger WRITERS_PER_KEY, or tune KILL_DELAY.\n\nWarning: Permanently added '192.168.2.189' (ED25519) to the list of known hosts.\nWarning: Permanently added '192.168.2.190' (ED25519) to the list of known hosts.\nWarning: Permanently added '192.168.2.191' (ED25519) to the list of known hosts.\nWarning: Permanently added '192.168.2.192' (ED25519) to the list of known hosts.\nWarning: Permanently added '192.168.2.189' (ED25519) to the list of known hosts.\nWarning: Permanently added '192.168.2.190' (ED25519) to the list of known hosts.\nWarning: Permanently added '192.168.2.191' (ED25519) to the list of known hosts.\nWarning: Permanently added '192.168.2.192' (ED25519) to the list of known hosts.\nWarning: Permanently added '192.168.2.191' (ED25519) to the list of known hosts."
75,c03,19,3,14,36,12,0.6,2,10,128.24,0,0,0,0,0,0,"\n  --> bug NOT triggered this run (likely the slow-path waiters drained\n      before kill, or the victim's PUTs hadn't fanned out far enough).\n      Try larger PAYLOAD_BYTES, larger WRITERS_PER_KEY, or tune KILL_DELAY.\n\nWarning: Permanently added '192.168.2.189' (ED25519) to the list of known hosts.\nWarning: Permanently added '192.168.2.190' (ED25519) to the list of known hosts.\nWarning: Permanently added '192.168.2.191' (ED25519) to the list of known hosts.\nWarning: Permanently added '192.168.2.192' (ED25519) to the list of known hosts.\nWarning: Permanently added '192.168.2.189' (ED25519) to the list of known hosts.\nWarning: Permanently added '192.168.2.190' (ED25519) to the list of known hosts.\nWarning: Permanently added '192.168.2.191' (ED25519) to the list of known hosts.\nWarning: Permanently added '192.168.2.192' (ED25519) to the list of known hosts.\nWarning: Permanently added '192.168.2.192' (ED25519) to the list of known hosts."
76,c01,19,0,14,36,16,0.6,2,10,129.15,0,0,0,0,0,0,"\n  --> bug NOT triggered this run (likely the slow-path waiters drained\n      before kill, or the victim's PUTs hadn't fanned out far enough).\n      Try larger PAYLOAD_BYTES, larger WRITERS_PER_KEY, or tune KILL_DELAY.\n\nWarning: Permanently added '192.168.2.189' (ED25519) to the list of known hosts.\nWarning: Permanently added '192.168.2.190' (ED25519) to the list of known hosts.\nWarning: Permanently added '192.168.2.191' (ED25519) to the list of known hosts.\nWarning: Permanently added '192.168.2.192' (ED25519) to the list of known hosts.\nWarning: Permanently added '192.168.2.189' (ED25519) to the list of known hosts.\nWarning: Permanently added '192.168.2.190' (ED25519) to the list of known hosts.\nWarning: Permanently added '192.168.2.191' (ED25519) to the list of known hosts.\nWarning: Permanently added '192.168.2.192' (ED25519) to the list of known hosts.\nWarning: Permanently added '192.168.2.189' (ED25519) to the list of known hosts."
77,c04,20,1,16,32,16,0.75,2,10,136.25,0,0,0,0,0,0,"\n  --> bug NOT triggered this run (likely the slow-path waiters drained\n      before kill, or the victim's PUTs hadn't fanned out far enough).\n      Try larger PAYLOAD_BYTES, larger WRITERS_PER_KEY, or tune KILL_DELAY.\n\nWarning: Permanently added '192.168.2.189' (ED25519) to the list of known hosts.\nWarning: Permanently added '192.168.2.190' (ED25519) to the list of known hosts.\nWarning: Permanently added '192.168.2.191' (ED25519) to the list of known hosts.\nWarning: Permanently added '192.168.2.192' (ED25519) to the list of known hosts.\nWarning: Permanently added '192.168.2.189' (ED25519) to the list of known hosts.\nWarning: Permanently added '192.168.2.190' (ED25519) to the list of known hosts.\nWarning: Permanently added '192.168.2.191' (ED25519) to the list of known hosts.\nWarning: Permanently added '192.168.2.192' (ED25519) to the list of known hosts.\nWarning: Permanently added '192.168.2.190' (ED25519) to the list of known hosts."
78,c02,20,2,16,36,16,0.6,2,10,144.9,0,0,0,0,0,0,"\n  --> bug NOT triggered this run (likely the slow-path waiters drained\n      before kill, or the victim's PUTs hadn't fanned out far enough).\n      Try larger PAYLOAD_BYTES, larger WRITERS_PER_KEY, or tune KILL_DELAY.\n\nWarning: Permanently added '192.168.2.189' (ED25519) to the list of known hosts.\nWarning: Permanently added '192.168.2.190' (ED25519) to the list of known hosts.\nWarning: Permanently added '192.168.2.191' (ED25519) to the list of known hosts.\nWarning: Permanently added '192.168.2.192' (ED25519) to the list of known hosts.\nWarning: Permanently added '192.168.2.189' (ED25519) to the list of known hosts.\nWarning: Permanently added '192.168.2.190' (ED25519) to the list of known hosts.\nWarning: Permanently added '192.168.2.191' (ED25519) to the list of known hosts.\nWarning: Permanently added '192.168.2.192' (ED25519) to the list of known hosts.\nWarning: Permanently added '192.168.2.191' (ED25519) to the list of known hosts."
79,c03,20,3,14,36,12,0.6,2,10,127.33,0,0,0,0,0,0,"\n  --> bug NOT triggered this run (likely the slow-path waiters drained\n      before kill, or the victim's PUTs hadn't fanned out far enough).\n      Try larger PAYLOAD_BYTES, larger WRITERS_PER_KEY, or tune KILL_DELAY.\n\nWarning: Permanently added '192.168.2.189' (ED25519) to the list of known hosts.\nWarning: Permanently added '192.168.2.190' (ED25519) to the list of known hosts.\nWarning: Permanently added '192.168.2.191' (ED25519) to the list of known hosts.\nWarning: Permanently added '192.168.2.192' (ED25519) to the list of known hosts.\nWarning: Permanently added '192.168.2.189' (ED25519) to the list of known hosts.\nWarning: Permanently added '192.168.2.190' (ED25519) to the list of known hosts.\nWarning: Permanently added '192.168.2.191' (ED25519) to the list of known hosts.\nWarning: Permanently added '192.168.2.192' (ED25519) to the list of known hosts.\nWarning: Permanently added '192.168.2.192' (ED25519) to the list of known hosts."
80,c01,20,0,14,36,16,0.6,2,10,129.82,0,0,0,0,0,0,"\n  --> bug NOT triggered this run (likely the slow-path waiters drained\n      before kill, or the victim's PUTs hadn't fanned out far enough).\n      Try larger PAYLOAD_BYTES, larger WRITERS_PER_KEY, or tune KILL_DELAY.\n\nWarning: Permanently added '192.168.2.189' (ED25519) to the list of known hosts.\nWarning: Permanently added '192.168.2.190' (ED25519) to the list of known hosts.\nWarning: Permanently added '192.168.2.191' (ED25519) to the list of known hosts.\nWarning: Permanently added '192.168.2.192' (ED25519) to the list of known hosts.\nWarning: Permanently added '192.168.2.189' (ED25519) to the list of known hosts.\nWarning: Permanently added '192.168.2.190' (ED25519) to the list of known hosts.\nWarning: Permanently added '192.168.2.191' (ED25519) to the list of known hosts.\nWarning: Permanently added '192.168.2.192' (ED25519) to the list of known hosts.\nWarning: Permanently added '192.168.2.189' (ED25519) to the list of known hosts."
